Product_Category,Revenue,Order_ID,Customer_ID,Quantity,Product_ID,AOV,Revenue_Share
Electronics,328422.7131124042,3029,1568,15179,496,108.42611855807337,30.446977749614163
Office Supplies,321280.8640675386,2949,1544,14746,499,108.9456982256828,29.784880670823803
Furniture,214958.03267130643,2011,1250,9997,494,106.89111520204199,19.928044488214507
Clothing,214009.36962409847,2011,1248,10143,484,106.41937823177447,19.84009709134754
