Region,Revenue,Order_ID,Customer_ID,Quantity,AOV,Customer_Penetration
Central,275688.1797832018,2545,1435,12702,108.32541445312447,72.25579053373615
East,318581.3714682642,2968,1553,14704,107.33873701760923,78.19738167170192
South,212070.4725185887,1975,1257,9956,107.37745443979175,63.29305135951662
West,272330.95570529293,2512,1436,12703,108.41200465975037,72.30614300100704
